<hibernate-configuration>
    <session-factory>
        <property name="hibernate.connection.driver_class">com.mysql.cj.jdbc.Driver</property>
        <property name="hibernate.connection.url">jdbc:mysql://localhost:3306/your_database</property>
        <property name="hibernate.connection.username">your_username</property>
        <property name="hibernate.connection.password">your_password</property>
        <property name="hibernate.dialect">org.hibernate.dialect.MySQLDialect</property>
        <property name="hibernate.show_sql">true</property>
        <property name="hibernate.hbm2ddl.auto">update</property>

        <!-- Mapping classes -->
        <mapping class="com.example.entities.House" />
        <mapping class="com.example.entities.Housemate" />
        <mapping class="com.example.entities.Store" />
        <mapping class="com.example.entities.Category" />
        <mapping class="com.example.entities.Item" />
        <mapping class="com.example.entities.Basket" />
        <mapping class="com.example.entities.BasketItem" />
    </session-factory>
</hibernate-configuration>
