[
  {
    "id": { "item_id": 1, "store_id": 1 },
    "item_name": "Apples",
    "item_img": "apples.png",
    "item_base_price": 3.00,
    "item_offer_price": 2.50,
    "is_item_in_stock": true,
    "category_id": { "category_id": 1, "store_id": 1 }
  },
  {
    "id": { "item_id": 2, "store_id": 1 },
    "item_name": "Bananas",
    "item_img": "bananas.png",
    "item_base_price": 1.00,
    "item_offer_price": 0.80,
    "is_item_in_stock": true,
    "category_id": { "category_id": 1, "store_id": 1 }
  }
]
